human,rat,fish,fly
1,1,1,1
16,16,16,16
8,8,8,8
2,15,2,15
19,1,1,11
7,7,7,7
8,8,8,8
12,2,2,20
10,20,10,10
1,17,17,2
2,2,2,2
16,8,16,4
16,16,16,16
7,7,7,15
2,2,2,12
14,14,14,14
12,2,3,12
7,4,7,4
11,11,11,11
17,20,20,20
15,15,5,15
3,3,3,3
19,19,19,19
3,3,3,3
15,15,17,2
4,4,4,4
10,10,10,10
10,10,4,11
14,14,14,14
12,12,12,2
4,4,4,4
7,7,7,7
7,7,7,7
3,3,2,8
17,16,16,17
8,8,3,8
1,1,1,1
4,4,4,4
2,2,2,2
11,11,14,11
13,13,13,13
17,17,17,16
6,7,12,12
2,2,2,2
5,5,5,5
12,12,12,12
4,7,4,7
2,2,5,12
11,20,11,11
3,3,3,3
16,1,12,20
11,11,11,11
1,1,1,1
10,10,10,19
16,1,1,16
20,20,20,20
13,13,13,13
3,3,3,3
6,13,6,7
18,18,18,18